Workbook

Sheet Dashboard
B2: SYSTEMICFLOWS — EV BET TRACKER
B3: Track, analyze, and optimize your +EV betting performance
B5: BANKROLL CONFIG | F5: BY SPORT
F6: Sport | G6: Bets | H6: Wins | I6: Win% | J6: P/L | K6: ROI%
B7: Starting Bankroll | D7: 2000 | F7: NBA | G7: =COUNTIF('Bet Log'!B2:B1000,"NBA") -> 9 | H7: =COUNTIFS('Bet Log'!B2:B1000,"NBA",'Bet Log'!M2:M1000,"W") -> 5 | I7: =IF(G7=0,"-",H7/G7) -> 0.55555556 | J7: =SUMPRODUCT(('Bet Log'!B2:B1000="NBA")*IF('Bet Log'!N2:N1000<>"",'Bet Log'!N2:N1000,0)) -> #VALUE! | K7: =IFERROR(J7/SUMPRODUCT(('Bet Log'!B2:B1000="NBA")*IF('Bet Log'!K2:K1000<>"",'Bet Log'!K2:K1000,0)),0) -> 0
B8: Current Bankroll | D8: =D7+SUMPRODUCT(IF('Bet Log'!N2:N1000<>"",'Bet Log'!N2:N1000,0)) -> 2360.9807 | F8: NCAAB | G8: =COUNTIF('Bet Log'!B2:B1000,"NCAAB") -> 0 | H8: =COUNTIFS('Bet Log'!B2:B1000,"NCAAB",'Bet Log'!M2:M1000,"W") -> 0 | I8: =IF(G8=0,"-",H8/G8) -> - | J8: =SUMPRODUCT(('Bet Log'!B2:B1000="NCAAB")*IF('Bet Log'!N2:N1000<>"",'Bet Log'!N2:N1000,0)) -> #VALUE! | K8: =IFERROR(J8/SUMPRODUCT(('Bet Log'!B2:B1000="NCAAB")*IF('Bet Log'!K2:K1000<>"",'Bet Log'!K2:K1000,0)),0) -> 0
B9: Total Profit/Loss | D9: =D8-D7 -> 360.98072 | F9: NHL | G9: =COUNTIF('Bet Log'!B2:B1000,"NHL") -> 0 | H9: =COUNTIFS('Bet Log'!B2:B1000,"NHL",'Bet Log'!M2:M1000,"W") -> 0 | I9: =IF(G9=0,"-",H9/G9) -> - | J9: =SUMPRODUCT(('Bet Log'!B2:B1000="NHL")*IF('Bet Log'!N2:N1000<>"",'Bet Log'!N2:N1000,0)) -> #VALUE! | K9: =IFERROR(J9/SUMPRODUCT(('Bet Log'!B2:B1000="NHL")*IF('Bet Log'!K2:K1000<>"",'Bet Log'!K2:K1000,0)),0) -> 0
B10: ROI % | D10: =IF(D7=0,0,D9/D7) -> 0.18049036 | F10: MLB | G10: =COUNTIF('Bet Log'!B2:B1000,"MLB") -> 0 | H10: =COUNTIFS('Bet Log'!B2:B1000,"MLB",'Bet Log'!M2:M1000,"W") -> 0 | I10: =IF(G10=0,"-",H10/G10) -> - | J10: =SUMPRODUCT(('Bet Log'!B2:B1000="MLB")*IF('Bet Log'!N2:N1000<>"",'Bet Log'!N2:N1000,0)) -> #VALUE! | K10: =IFERROR(J10/SUMPRODUCT(('Bet Log'!B2:B1000="MLB")*IF('Bet Log'!K2:K1000<>"",'Bet Log'!K2:K1000,0)),0) -> 0
B11: Total Bets | D11: =COUNTA('Bet Log'!A2:A1000) -> 17 | F11: NFL | G11: =COUNTIF('Bet Log'!B2:B1000,"NFL") -> 0 | H11: =COUNTIFS('Bet Log'!B2:B1000,"NFL",'Bet Log'!M2:M1000,"W") -> 0 | I11: =IF(G11=0,"-",H11/G11) -> - | J11: =SUMPRODUCT(('Bet Log'!B2:B1000="NFL")*IF('Bet Log'!N2:N1000<>"",'Bet Log'!N2:N1000,0)) -> #VALUE! | K11: =IFERROR(J11/SUMPRODUCT(('Bet Log'!B2:B1000="NFL")*IF('Bet Log'!K2:K1000<>"",'Bet Log'!K2:K1000,0)),0) -> 0
B12: Win Rate | D12: =IF(D11=0,"-",COUNTIF('Bet Log'!M2:M1000,"W")/D11) -> 0.47058824 | F12: NCAAF | G12: =COUNTIF('Bet Log'!B2:B1000,"NCAAF") -> 0 | H12: =COUNTIFS('Bet Log'!B2:B1000,"NCAAF",'Bet Log'!M2:M1000,"W") -> 0 | I12: =IF(G12=0,"-",H12/G12) -> - | J12: =SUMPRODUCT(('Bet Log'!B2:B1000="NCAAF")*IF('Bet Log'!N2:N1000<>"",'Bet Log'!N2:N1000,0)) -> #VALUE! | K12: =IFERROR(J12/SUMPRODUCT(('Bet Log'!B2:B1000="NCAAF")*IF('Bet Log'!K2:K1000<>"",'Bet Log'!K2:K1000,0)),0) -> 0
B13: Avg EV% | D13: =IF(D11=0,"-",AVERAGE('Bet Log'!I2:I1000)) -> 0.226625 | F13: WNBA | G13: =COUNTIF('Bet Log'!B2:B1000,"WNBA") -> 0 | H13: =COUNTIFS('Bet Log'!B2:B1000,"WNBA",'Bet Log'!M2:M1000,"W") -> 0 | I13: =IF(G13=0,"-",H13/G13) -> - | J13: =SUMPRODUCT(('Bet Log'!B2:B1000="WNBA")*IF('Bet Log'!N2:N1000<>"",'Bet Log'!N2:N1000,0)) -> #VALUE! | K13: =IFERROR(J13/SUMPRODUCT(('Bet Log'!B2:B1000="WNBA")*IF('Bet Log'!K2:K1000<>"",'Bet Log'!K2:K1000,0)),0) -> 0
B14: CLV+% | D14: =IF(D11=0,"-",AVERAGE('Bet Log'!P2:P1000)) -> #DIV/0! | F14: Tennis | G14: =COUNTIF('Bet Log'!B2:B1000,"Tennis") -> 0 | H14: =COUNTIFS('Bet Log'!B2:B1000,"Tennis",'Bet Log'!M2:M1000,"W") -> 0 | I14: =IF(G14=0,"-",H14/G14) -> - | J14: =SUMPRODUCT(('Bet Log'!B2:B1000="Tennis")*IF('Bet Log'!N2:N1000<>"",'Bet Log'!N2:N1000,0)) -> #VALUE! | K14: =IFERROR(J14/SUMPRODUCT(('Bet Log'!B2:B1000="Tennis")*IF('Bet Log'!K2:K1000<>"",'Bet Log'!K2:K1000,0)),0) -> 0
B17: BY GRADE | F17: BY BET TYPE
B18: Grade | C18: Bets | D18: Wins | E18: Win% | F18: P/L | G18: Bets | H18: Wins | I18: Win% | J18: P/L | K18: ROI%
B19: A+ | C19: =COUNTIF('Bet Log'!J2:J1000,"A+") -> 4 | D19: =COUNTIFS('Bet Log'!J2:J1000,"A+",'Bet Log'!M2:M1000,"W") -> 1 | E19: =IF(C19=0,"-",D19/C19) -> 0.25 | F19: ML | G19: =COUNTIF('Bet Log'!F2:F1000,"ML") -> 0 | H19: =COUNTIFS('Bet Log'!F2:F1000,"ML",'Bet Log'!M2:M1000,"W") -> 0 | I19: =IF(G19=0,"-",H19/G19) -> - | J19: =SUMPRODUCT(('Bet Log'!F2:F1000="ML")*IF('Bet Log'!N2:N1000<>"",'Bet Log'!N2:N1000,0)) -> 0 | K19: =IFERROR(J19/SUMPRODUCT(('Bet Log'!F2:F1000="ML")*IF('Bet Log'!K2:K1000<>"",'Bet Log'!K2:K1000,0)),0) -> 0
B20: A | C20: =COUNTIF('Bet Log'!J2:J1000,"A") -> 4 | D20: =COUNTIFS('Bet Log'!J2:J1000,"A",'Bet Log'!M2:M1000,"W") -> 2 | E20: =IF(C20=0,"-",D20/C20) -> 0.5 | F20: Spread | G20: =COUNTIF('Bet Log'!F2:F1000,"Spread") -> 0 | H20: =COUNTIFS('Bet Log'!F2:F1000,"Spread",'Bet Log'!M2:M1000,"W") -> 0 | I20: =IF(G20=0,"-",H20/G20) -> - | J20: =SUMPRODUCT(('Bet Log'!F2:F1000="Spread")*IF('Bet Log'!N2:N1000<>"",'Bet Log'!N2:N1000,0)) -> 0 | K20: =IFERROR(J20/SUMPRODUCT(('Bet Log'!F2:F1000="Spread")*IF('Bet Log'!K2:K1000<>"",'Bet Log'!K2:K1000,0)),0) -> 0
B21: B+ | C21: =COUNTIF('Bet Log'!J2:J1000,"B+") -> 0 | D21: =COUNTIFS('Bet Log'!J2:J1000,"B+",'Bet Log'!M2:M1000,"W") -> 0 | E21: =IF(C21=0,"-",D21/C21) -> - | F21: Total | G21: =COUNTIF('Bet Log'!F2:F1000,"Total") -> 0 | H21: =COUNTIFS('Bet Log'!F2:F1000,"Total",'Bet Log'!M2:M1000,"W") -> 0 | I21: =IF(G21=0,"-",H21/G21) -> - | J21: =SUMPRODUCT(('Bet Log'!F2:F1000="Total")*IF('Bet Log'!N2:N1000<>"",'Bet Log'!N2:N1000,0)) -> 0 | K21: =IFERROR(J21/SUMPRODUCT(('Bet Log'!F2:F1000="Total")*IF('Bet Log'!K2:K1000<>"",'Bet Log'!K2:K1000,0)),0) -> 0
B22: B | C22: =COUNTIF('Bet Log'!J2:J1000,"B") -> 0 | D22: =COUNTIFS('Bet Log'!J2:J1000,"B",'Bet Log'!M2:M1000,"W") -> 0 | E22: =IF(C22=0,"-",D22/C22) -> - | F22: Prop | G22: =COUNTIF('Bet Log'!F2:F1000,"Prop") -> 14 | H22: =COUNTIFS('Bet Log'!F2:F1000,"Prop",'Bet Log'!M2:M1000,"W") -> 8 | I22: =IF(G22=0,"-",H22/G22) -> 0.57142857 | J22: =SUMPRODUCT(('Bet Log'!F2:F1000="Prop")*IF('Bet Log'!N2:N1000<>"",'Bet Log'!N2:N1000,0)) -> 0 | K22: =IFERROR(J22/SUMPRODUCT(('Bet Log'!F2:F1000="Prop")*IF('Bet Log'!K2:K1000<>"",'Bet Log'!K2:K1000,0)),0) -> 0
B23: C+ | C23: =COUNTIF('Bet Log'!J2:J1000,"C+") -> 0 | D23: =COUNTIFS('Bet Log'!J2:J1000,"C+",'Bet Log'!M2:M1000,"W") -> 0 | E23: =IF(C23=0,"-",D23/C23) -> -
B24: C | C24: =COUNTIF('Bet Log'!J2:J1000,"C") -> 0 | D24: =COUNTIFS('Bet Log'!J2:J1000,"C",'Bet Log'!M2:M1000,"W") -> 0 | E24: =IF(C24=0,"-",D24/C24) -> -
B25: D | C25: =COUNTIF('Bet Log'!J2:J1000,"D") -> 0 | D25: =COUNTIFS('Bet Log'!J2:J1000,"D",'Bet Log'!M2:M1000,"W") -> 0 | E25: =IF(C25=0,"-",D25/C25) -> -

Sheet Bet Log
A1: Date | B1: Sport | C1: Game | D1: Player | E1: Selection | F1: Bet Type | G1: Line | H1: Odds | I1: Model EV% | J1: Grade | K1: Stake | L1: Book | M1: Result | N1: P/L | O1: Cumulative P/L | P1: CLV% | Q1: Notes
A2: 46074 | B2: NBA | C2: ORL @ PHX | D2: Desmond Bane | E2: D.Bane o4.5 3pt M | F2: Prop | G2: 4.5 | H2: 165 | K2: 25 | L2: DraftKings | M2: W | N2: 41.25 | O2: =IF(N2="","",N2) -> 41.25 | Q2: Live Bet
A3: 46074 | B3: NBA | C3: MIA @ MEM | D3: Ty Jerome | E3: Ty Jerome u17.5 pts | F3: Prop | G3: 17.5 | H3: -109 | K3: 36 | L3: DraftKings | M3: W | N3: 33.02 | O3: =IF(N3="","",O2+N3) -> 74.27 | Q3: Pre Game
A4: 46074 | B4: NBA | C4: MIA @ MEM | D4: Andrew Wiggins | E4: A.Wiggins u2.5 ast | F4: Prop | G4: 2.5 | H4: 119 | K4: 28 | L4: DraftKings | M4: L | N4: =IF(M4="","",IF(M4="Push",0,IF(M4="Void",0,IF(M4="W",IF(H4>0,K4*H4/100,K4*100/ABS(H4)),-K4)))) -> -28 | O4: =IF(N4="","",O3+N4) -> 46.27 | Q4: Pre Game
A5: 46075 | B5: NBA | C5: CLE @ OKC | D5: Chet Holmgren | E5: C.Holmgren o0.5 3pt M | F5: Prop | G5: 0.5 | H5: -230 | K5: 83 | L5: DraftKings | M5: W | N5: =IF(M5="","",IF(M5="Push",0,IF(M5="Void",0,IF(M5="W",IF(H5>0,K5*H5/100,K5*100/ABS(H5)),-K5)))) -> 36.086957 | O5: =IF(N5="","",O4+N5) -> 82.356957 | Q5: Pre Game
A6: 46075 | B6: NBA | C6: CLE @ OKC | D6: Aaron Wiggins | E6: A.Wiggins u13.5 pts | F6: Prop | G6: 13.5 | H6: -101 | K6: 38 | L6: DraftKings | M6: W | N6: =IF(M6="","",IF(M6="Push",0,IF(M6="Void",0,IF(M6="W",IF(H6>0,K6*H6/100,K6*100/ABS(H6)),-K6)))) -> 37.623762 | O6: =IF(N6="","",O5+N6) -> 119.98072 | Q6: Pre Game
A7: 46075 | B7: NBA | C7: CLE @ OKC | D7: Isiah Joe | E7: I.Joe u13.5 pts | F7: Prop | G7: 13.5 | H7: -113 | K7: 71 | L7: DraftKings | M7: L | N7: =IF(M7="","",IF(M7="Push",0,IF(M7="Void",0,IF(M7="W",IF(H7>0,K7*H7/100,K7*100/ABS(H7)),-K7)))) -> -71 | O7: =IF(N7="","",O6+N7) -> 48.980719 | Q7: Pre Game
A8: 46075 | B8: NBA | C8: CLE @ OKC | D8: Isiiah Hartenstien | E8: I.Hartenstein o12.5 rebs+ast | F8: Prop | G8: 12.5 | H8: 100 | K8: 83 | L8: DraftKings | M8: L | N8: =IF(M8="","",IF(M8="Push",0,IF(M8="Void",0,IF(M8="W",IF(H8>0,K8*H8/100,K8*100/ABS(H8)),-K8)))) -> -83 | O8: =IF(N8="","",O7+N8) -> -34.019281 | Q8: Live Bet
A9: 46075 | B9: NBA | C9: CLE @ OKC | D9: James Hrden | E9: J.Harden o17.5 pts | F9: Prop | G9: 17.5 | H9: 265 | K9: 126 | L9: DraftKings | M9: W | N9: =IF(M9="","",IF(M9="Push",0,IF(M9="Void",0,IF(M9="W",IF(H9>0,K9*H9/100,K9*100/ABS(H9)),-K9)))) -> 333.9 | O9: =IF(N9="","",O8+N9) -> 299.88072 | Q9: Live Bet
A10: 46075 | B10: NBA | C10: DEN @ GSW | D10: Tim Hardaway Jr | E10: T.Hardway o2.5 3pt | F10: Prop | G10: 2.5 | H10: 106 | K10: 41 | L10: DraftKings | M10: L | N10: =IF(M10="","",IF(M10="Push",0,IF(M10="Void",0,IF(M10="W",IF(H10>0,K10*H10/100,K10*100/ABS(H10)),-K10)))) -> -41 | O10: =IF(N10="","",O9+N10) -> 258.88072 | Q10: Pre Game
A11: 46075 | B11: NBA | C11: DEN @ GSW | D11: Jamal Murray | E11: J.Murray o5.5 ast | F11: Prop | G11: 5.5 | H11: 105 | I11: 0.147 | J11: A+ | K11: 84 | L11: DraftKings | M11: L | N11: =IF(M11="","",IF(M11="Push",0,IF(M11="Void",0,IF(M11="W",IF(H11>0,K11*H11/100,K11*100/ABS(H11)),-K11)))) -> -84 | O11: =IF(N11="","",O10+N11) -> 174.88072 | Q11: Live Bet
A12: 46075 | B12: NBA | C12: DEN @ GSW | D12: Brandon Podziemski | E12: B.Podziemski o1.5 3pt | F12: Prop | G12: 1.5 | H12: 230 | I12: 0.495 | J12: A+ | K12: 113 | L12: DraftKings | M12: W | N12: =IF(M12="","",IF(M12="Push",0,IF(M12="Void",0,IF(M12="W",IF(H12>0,K12*H12/100,K12*100/ABS(H12)),-K12)))) -> 259.9 | O12: =IF(N12="","",O11+N12) -> 434.78072 | Q12: Live Bet
A13: 46075 | B13: NBA | C13: DAL @ IND | D13: Klay Thompson | E13: K.Thompson o2.5 3pt | F13: Prop | G13: 2.5 | H13: 160 | I13: 0.256 | J13: A | K13: 78 | L13: DraftKings | M13: W | N13: =IF(M13="","",IF(M13="Push",0,IF(M13="Void",0,IF(M13="W",IF(H13>0,K13*H13/100,K13*100/ABS(H13)),-K13)))) -> 124.8 | O13: =IF(N13="","",O12+N13) -> 559.58072 | Q13: Live Bet
A14: 46075 | B14: NBA | C14: BOS @ LAL | D14: Luka Donic | E14: L.Donic o4.5 3pt | F14: Prop | G14: 4.5 | H14: 105 | I14: 0.172 | J14: A | K14: 82 | L14: DraftKings | M14: L | N14: =IF(M14="","",IF(M14="Push",0,IF(M14="Void",0,IF(M14="W",IF(H14>0,K14*H14/100,K14*100/ABS(H14)),-K14)))) -> -82 | O14: =IF(N14="","",O13+N14) -> 477.58072 | Q14: Live Bet
A15: 46075 | B15: NBA | C15: PHI @ MIN | D15: Donte DiVincenzo | E15: D.Vincenzo o3.5 3pt | F15: Prop | G15: 3.5 | H15: 130 | I15: 0.184 | J15: A | K15: 112 | L15: DraftKings | M15: L | N15: =IF(M15="","",IF(M15="Push",0,IF(M15="Void",0,IF(M15="W",IF(H15>0,K15*H15/100,K15*100/ABS(H15)),-K15)))) -> -112 | O15: =IF(N15="","",O14+N15) -> 365.58072 | Q15: Live Bet
A16: 46075 | B16: NBA | C16: NYK @ CHI | D16: Josh Hart | E16: J.Hart o6.5 ast | F16: Prop | G16: 6.5 | H16: -105 | I16: 0.227 | J16: A+ | K16: 119 | L16: DraftKings | M16: L | N16: =IF(M16="","",IF(M16="Push",0,IF(M16="Void",0,IF(M16="W",IF(H16>0,K16*H16/100,K16*100/ABS(H16)),-K16)))) -> -119 | O16: =IF(N16="","",O15+N16) -> 246.58072 | Q16: Live Bet
A17: 46075 | B17: NBA | C17: NYK @ CHI | D17: Guerschon Yabusele | E17: G.Yabusele o11.5 reb | F17: Prop | G17: 11.5 | H17: 110 | I17: 0.236 | J17: A | K17: 104 | L17: DraftKings | M17: W | N17: =IF(M17="","",IF(M17="Push",0,IF(M17="Void",0,IF(M17="W",IF(H17>0,K17*H17/100,K17*100/ABS(H17)),-K17)))) -> 114.4 | O17: =IF(N17="","",O16+N17) -> 360.98072 | Q17: Live Bet
A18: 46076 | B18: NBA | C18: SAS @ DET | D18: Dylan Harper | E18: D.Harper o10.5 points | F18: Prop | G18: 10.5 | H18: 100 | I18: 0.096 | J18: A+ | K18: 48 | L18: DraftKings | N18: =IF(M18="","",IF(M18="Push",0,IF(M18="Void",0,IF(M18="W",IF(H18>0,K18*H18/100,K18*100/ABS(H18)),-K18)))) | O18: =IF(N18="","",O17+N18) | Q18: Pre Game
N19: =IF(M19="","",IF(M19="Push",0,IF(M19="Void",0,IF(M19="W",IF(H19>0,K19*H19/100,K19*100/ABS(H19)),-K19)))) | O19: =IF(N19="","",O18+N19)
N20: =IF(M20="","",IF(M20="Push",0,IF(M20="Void",0,IF(M20="W",IF(H20>0,K20*H20/100,K20*100/ABS(H20)),-K20)))) | O20: =IF(N20="","",O19+N20)
N21: =IF(M21="","",IF(M21="Push",0,IF(M21="Void",0,IF(M21="W",IF(H21>0,K21*H21/100,K21*100/ABS(H21)),-K21)))) | O21: =IF(N21="","",O20+N21)
N22: =IF(M22="","",IF(M22="Push",0,IF(M22="Void",0,IF(M22="W",IF(H22>0,K22*H22/100,K22*100/ABS(H22)),-K22)))) | O22: =IF(N22="","",O21+N22)
N23: =IF(M23="","",IF(M23="Push",0,IF(M23="Void",0,IF(M23="W",IF(H23>0,K23*H23/100,K23*100/ABS(H23)),-K23)))) | O23: =IF(N23="","",O22+N23)
N24: =IF(M24="","",IF(M24="Push",0,IF(M24="Void",0,IF(M24="W",IF(H24>0,K24*H24/100,K24*100/ABS(H24)),-K24)))) | O24: =IF(N24="","",O23+N24)
N25: =IF(M25="","",IF(M25="Push",0,IF(M25="Void",0,IF(M25="W",IF(H25>0,K25*H25/100,K25*100/ABS(H25)),-K25)))) | O25: =IF(N25="","",O24+N25)
N26: =IF(M26="","",IF(M26="Push",0,IF(M26="Void",0,IF(M26="W",IF(H26>0,K26*H26/100,K26*100/ABS(H26)),-K26)))) | O26: =IF(N26="","",O25+N26)
N27: =IF(M27="","",IF(M27="Push",0,IF(M27="Void",0,IF(M27="W",IF(H27>0,K27*H27/100,K27*100/ABS(H27)),-K27)))) | O27: =IF(N27="","",O26+N27)
N28: =IF(M28="","",IF(M28="Push",0,IF(M28="Void",0,IF(M28="W",IF(H28>0,K28*H28/100,K28*100/ABS(H28)),-K28)))) | O28: =IF(N28="","",O27+N28)
N29: =IF(M29="","",IF(M29="Push",0,IF(M29="Void",0,IF(M29="W",IF(H29>0,K29*H29/100,K29*100/ABS(H29)),-K29)))) | O29: =IF(N29="","",O28+N29)
N30: =IF(M30="","",IF(M30="Push",0,IF(M30="Void",0,IF(M30="W",IF(H30>0,K30*H30/100,K30*100/ABS(H30)),-K30)))) | O30: =IF(N30="","",O29+N30)
... N501: =IF(M501="","",IF(M501="Push",0,IF(M501="Void",0,IF(M501="W",IF(H501>0,K501*H501/100,K501*100/ABS(H501)),-K501)))) | O501: =IF(N501="","",O500+N501)

Sheet Analytics
B2: PERFORMANCE ANALYTICS
B4: KEY METRICS
B5: Longest Win Streak | D5: =MAX(Streaks!A:A) -> 2
B6: Longest Loss Streak | D6: =MAX(Streaks!B:B) -> 3
B7: Avg Stake | D7: =IF(COUNTA('Bet Log'!K2:K1000)=0,"-",AVERAGE('Bet Log'!K2:K1000)) -> 74.764706
B8: Biggest Win | D8: =IF(COUNTA('Bet Log'!N2:N1000)=0,"-",MAX('Bet Log'!N2:N1000)) -> 333.9
B9: Biggest Loss | D9: =IF(COUNTA('Bet Log'!N2:N1000)=0,"-",MIN('Bet Log'!N2:N1000)) -> -119
B10: Avg P/L per Bet | D10: =IFERROR(Dashboard!D9/AVERAGE('Bet Log'!K2:K1000),0) -> 4.8282236
B11: Total Wagered | D11: =SUMPRODUCT(('Bet Log'!K2:K1000<>"")*'Bet Log'!K2:K1000) -> 1271
B12: Units Won | D12: =IF(Dashboard!D11=0,"-",Dashboard!D9/AVERAGE('Bet Log'!K2:K1000)) -> 4.8282236
B15: EV ACCURACY — Does your actual win rate match expected?
B16: EV Range | C16: Bets | D16: Wins | E16: Actual Win% | F16: Expected Win% | G16: Diff
B17: 0-2% | C17: =COUNTIFS('Bet Log'!I2:I1000,">=0",'Bet Log'!I2:I1000,"<0.02") -> 0 | D17: =COUNTIFS('Bet Log'!I2:I1000,">=0",'Bet Log'!I2:I1000,"<0.02",'Bet Log'!M2:M1000,"W") -> 0 | E17: =IF(C17=0,"-",D17/C17) -> - | F17: =IFERROR(AVERAGEIFS('Bet Log'!I2:I1000,'Bet Log'!I2:I1000,">=0",'Bet Log'!I2:I1000,"<0.02")+0.5,0) -> 0 | G17: =IF(C17=0,"-",E17-F17) -> -
B18: 2-5% | C18: =COUNTIFS('Bet Log'!I2:I1000,">=0.02",'Bet Log'!I2:I1000,"<0.05") -> 0 | D18: =COUNTIFS('Bet Log'!I2:I1000,">=0.02",'Bet Log'!I2:I1000,"<0.05",'Bet Log'!M2:M1000,"W") -> 0 | E18: =IF(C18=0,"-",D18/C18) -> - | F18: =IFERROR(AVERAGEIFS('Bet Log'!I2:I1000,'Bet Log'!I2:I1000,">=0.02",'Bet Log'!I2:I1000,"<0.05")+0.5,0) -> 0 | G18: =IF(C18=0,"-",E18-F18) -> -
B19: 5-10% | C19: =COUNTIFS('Bet Log'!I2:I1000,">=0.05",'Bet Log'!I2:I1000,"<0.1") -> 1 | D19: =COUNTIFS('Bet Log'!I2:I1000,">=0.05",'Bet Log'!I2:I1000,"<0.1",'Bet Log'!M2:M1000,"W") -> 0 | E19: =IF(C19=0,"-",D19/C19) -> 0 | F19: =IFERROR(AVERAGEIFS('Bet Log'!I2:I1000,'Bet Log'!I2:I1000,">=0.05",'Bet Log'!I2:I1000,"<0.1")+0.5,0) -> 0.596 | G19: =IF(C19=0,"-",E19-F19) -> -0.596
B20: 10%+ | C20: =COUNTIFS('Bet Log'!I2:I1000,">=0.1",'Bet Log'!I2:I1000,"<1.0") -> 7 | D20: =COUNTIFS('Bet Log'!I2:I1000,">=0.1",'Bet Log'!I2:I1000,"<1.0",'Bet Log'!M2:M1000,"W") -> 3 | E20: =IF(C20=0,"-",D20/C20) -> 0.42857143 | F20: =IFERROR(AVERAGEIFS('Bet Log'!I2:I1000,'Bet Log'!I2:I1000,">=0.1",'Bet Log'!I2:I1000,"<1.0")+0.5,0) -> 0.74528571 | G20: =IF(C20=0,"-",E20-F20) -> -0.31671429

Sheet Streaks
A1: Win Streak | B1: Loss Streak
A2: =IF('Bet Log'!M2="W",1,0) -> 1 | B2: =IF('Bet Log'!M2="L",1,0) -> 0
A3: =IF('Bet Log'!M3="W",A2+1,0) -> 2 | B3: =IF('Bet Log'!M3="L",B2+1,0) -> 0
A4: =IF('Bet Log'!M4="W",A3+1,0) -> 0 | B4: =IF('Bet Log'!M4="L",B3+1,0) -> 1
A5: =IF('Bet Log'!M5="W",A4+1,0) -> 1 | B5: =IF('Bet Log'!M5="L",B4+1,0) -> 0
A6: =IF('Bet Log'!M6="W",A5+1,0) -> 2 | B6: =IF('Bet Log'!M6="L",B5+1,0) -> 0
A7: =IF('Bet Log'!M7="W",A6+1,0) -> 0 | B7: =IF('Bet Log'!M7="L",B6+1,0) -> 1
A8: =IF('Bet Log'!M8="W",A7+1,0) -> 0 | B8: =IF('Bet Log'!M8="L",B7+1,0) -> 2
A9: =IF('Bet Log'!M9="W",A8+1,0) -> 1 | B9: =IF('Bet Log'!M9="L",B8+1,0) -> 0
A10: =IF('Bet Log'!M10="W",A9+1,0) -> 0 | B10: =IF('Bet Log'!M10="L",B9+1,0) -> 1
A11: =IF('Bet Log'!M11="W",A10+1,0) -> 0 | B11: =IF('Bet Log'!M11="L",B10+1,0) -> 2
A12: =IF('Bet Log'!M12="W",A11+1,0) -> 1 | B12: =IF('Bet Log'!M12="L",B11+1,0) -> 0
A13: =IF('Bet Log'!M13="W",A12+1,0) -> 2 | B13: =IF('Bet Log'!M13="L",B12+1,0) -> 0
A14: =IF('Bet Log'!M14="W",A13+1,0) -> 0 | B14: =IF('Bet Log'!M14="L",B13+1,0) -> 1
... A501: =IF('Bet Log'!M501="W",A500+1,0) -> 0 | B501: =IF('Bet Log'!M501="L",B500+1,0) -> 0
